-- [MIGRATION] AS-IS: Nexcore 샘플 데이터
-- [TO-BE]: Spring Boot 초기 데이터 INSERT

-- 부서 데이터
INSERT INTO departments (dept_id, dept_name, dept_head, location, emp_count) VALUES
('D001', '개발팀', '김팀장', '3층 301호', 10),
('D002', '영업팀', '이팀장', '2층 201호', 8),
('D003', '인사팀', '박팀장', '1층 101호', 5),
('D004', '기획팀', '최팀장', '4층 401호', 6),
('D005', '재무팀', '정팀장', '1층 102호', 4);

-- 사원 데이터
INSERT INTO employees (emp_id, emp_name, dept_id, dept_name, position, hire_date, email, phone, status) VALUES
('E001', '김개발', 'D001', '개발팀', '과장', '2018-03-15', 'kim.dev@company.com', '010-1234-5678', '재직'),
('E002', '이개발', 'D001', '개발팀', '대리', '2020-05-20', 'lee.dev@company.com', '010-2345-6789', '재직'),
('E003', '박개발', 'D001', '개발팀', '사원', '2022-01-10', 'park.dev@company.com', '010-3456-7890', '재직'),
('E004', '최영업', 'D002', '영업팀', '차장', '2015-08-01', 'choi.sales@company.com', '010-4567-8901', '재직'),
('E005', '정영업', 'D002', '영업팀', '과장', '2017-11-25', 'jung.sales@company.com', '010-5678-9012', '재직'),
('E006', '강영업', 'D002', '영업팀', '대리', '2021-04-15', 'kang.sales@company.com', '010-6789-0123', '재직'),
('E007', '조인사', 'D003', '인사팀', '부장', '2012-06-01', 'cho.hr@company.com', '010-7890-1234', '재직'),
('E008', '윤인사', 'D003', '인사팀', '과장', '2019-09-10', 'yun.hr@company.com', '010-8901-2345', '재직'),
('E009', '임기획', 'D004', '기획팀', '차장', '2016-02-28', 'im.plan@company.com', '010-9012-3456', '재직'),
('E010', '한기획', 'D004', '기획팀', '대리', '2021-07-01', 'han.plan@company.com', '010-0123-4567', '재직'),
('E011', '오재무', 'D005', '재무팀', '과장', '2018-12-03', 'oh.fin@company.com', '010-1122-3344', '재직'),
('E012', '서재무', 'D005', '재무팀', '사원', '2023-03-01', 'seo.fin@company.com', '010-2233-4455', '재직'),
('E013', '권퇴직', 'D001', '개발팀', '대리', '2019-06-15', 'kwon@company.com', '010-3344-5566', '퇴직'),
('E014', '나휴직', 'D002', '영업팀', '사원', '2022-09-20', 'na@company.com', '010-4455-6677', '휴직');

-- 매출 데이터
INSERT INTO sales (dept_id, dept_name, year, quarter, month, product_name, sales_amount, sales_count, sales_avg, growth_rate) VALUES
('D002', '영업팀', 2024, 1, 1, '제품A', 15000000, 150, 100000, 5.2),
('D002', '영업팀', 2024, 1, 2, '제품A', 18000000, 180, 100000, 7.3),
('D002', '영업팀', 2024, 1, 3, '제품B', 12000000, 80, 150000, 3.1),
('D002', '영업팀', 2024, 2, 4, '제품A', 20000000, 200, 100000, 11.1),
('D002', '영업팀', 2024, 2, 5, '제품B', 16000000, 106, 150943, 8.5),
('D002', '영업팀', 2024, 2, 6, '제품C', 25000000, 125, 200000, 15.2),
('D002', '영업팀', 2024, 3, 7, '제품A', 22000000, 220, 100000, 10.0),
('D002', '영업팀', 2024, 3, 8, '제품B', 19000000, 126, 150793, 9.2),
('D002', '영업팀', 2024, 3, 9, '제품C', 28000000, 140, 200000, 12.0),
('D002', '영업팀', 2024, 4, 10, '제품A', 30000000, 300, 100000, 36.4),
('D002', '영업팀', 2024, 4, 11, '제품B', 24000000, 160, 150000, 26.3),
('D002', '영업팀', 2024, 4, 12, '제품C', 35000000, 175, 200000, 25.0),
('D004', '기획팀', 2024, 1, 1, '서비스X', 8000000, 40, 200000, 2.5),
('D004', '기획팀', 2024, 2, 4, '서비스X', 10000000, 50, 200000, 25.0),
('D004', '기획팀', 2024, 3, 7, '서비스Y', 12000000, 48, 250000, 20.0),
('D004', '기획팀', 2024, 4, 10, '서비스Y', 15000000, 60, 250000, 25.0);

-- 게시판 데이터
INSERT INTO boards (title, content, writer, view_count) VALUES
('공지사항: 시스템 점검 안내', '<p>시스템 점검이 예정되어 있습니다. 2024년 1월 15일 오전 2시~4시 서비스 이용이 제한됩니다.</p>', '관리자', 150),
('신규 시스템 사용 안내', '<p>신규 시스템 전환 완료 후 사용 방법을 안내드립니다.</p><ul><li>로그인 방법 변경</li><li>메뉴 구조 변경</li></ul>', '홍길동', 87),
('2024년 업무 계획 공유', '<p>2024년 연간 업무 계획을 공유합니다.</p>', '김팀장', 230),
('React 마이그레이션 진행 현황', '<p>Nexacro에서 React로의 마이그레이션 작업이 순조롭게 진행 중입니다.</p>', '이개발', 45),
('AG Grid Enterprise 사용법', '<p>AG Grid Enterprise 주요 기능 사용법을 정리했습니다.</p><ol><li>컬럼 설정</li><li>행 그룹화</li><li>Excel 내보내기</li></ol>', '박개발', 92);

-- 공통코드 데이터
INSERT INTO codes (code_group, code_group_name, code_value, code_name, sort_order) VALUES
-- 직급 코드
('POSITION', '직급', 'EMP', '사원', 10),
('POSITION', '직급', 'AST', '대리', 20),
('POSITION', '직급', 'MGR', '과장', 30),
('POSITION', '직급', 'SMG', '차장', 40),
('POSITION', '직급', 'DIR', '부장', 50),
('POSITION', '직급', 'EDR', '이사', 60),
-- 재직상태 코드
('STATUS', '재직상태', 'WORK', '재직', 10),
('STATUS', '재직상태', 'RESIGN', '퇴직', 20),
('STATUS', '재직상태', 'LEAVE', '휴직', 30),
-- 사용여부 코드
('USE_YN', '사용여부', 'Y', '사용', 10),
('USE_YN', '사용여부', 'N', '미사용', 20),
-- 분기 코드
('QUARTER', '분기', '1', '1분기', 10),
('QUARTER', '분기', '2', '2분기', 20),
('QUARTER', '분기', '3', '3분기', 30),
('QUARTER', '분기', '4', '4분기', 40);
